{"cameraMode":{"drawMode":0,"name":"Shaded","section":"Shading Mode"},"sceneLighting":false,"audioPlay":false,"sceneViewState":{"showFog":true,"showMaterialUpdate":false,"showSkybox":false,"showFlares":true,"showImageEffects":true,"showParticleSystems":true},"in2DMode":false,"pivot":{"x":-3.610001802444458,"y":1.006218433380127,"z":1.2509750127792359},"rotation":{"x":-0.004559459164738655,"y":-0.986450731754303,"z":0.16162075102329255,"w":-0.027829313650727273},"size":1.2470449209213257,"orthographic":true}