{"cameraMode":{"drawMode":0,"name":"Shaded","section":"Shading Mode"},"sceneLighting":true,"audioPlay":false,"sceneViewState":{"showFog":true,"showMaterialUpdate":false,"showSkybox":true,"showFlares":true,"showImageEffects":true,"showParticleSystems":true},"in2DMode":false,"pivot":{"x":580.037109375,"y":176.6321258544922,"z":10.041160583496094},"rotation":{"x":-0.05977024510502815,"y":0.011576264165341854,"z":-0.0006930219242349267,"w":-0.9981464743614197},"size":321.5409851074219,"orthographic":false}